category_title,subcategory_div,subcategory_a_text,subcategory_a_href
All Categories,Home & Garden,N/A,N/A
All Categories,Hair Extensions & Wigs,N/A,N/A
All Categories,Men's Clothing,N/A,N/A
All Categories,Accessories,N/A,N/A
All Categories,Consumer Electronics,N/A,N/A
All Categories,Home Improvement & Lighting,N/A,N/A
All Categories,Home Appliances,N/A,N/A
All Categories,Automotive & Motorcycle,N/A,N/A
All Categories,Luggages & Bags,N/A,N/A
All Categories,Shoes,N/A,N/A
All Categories,Special Occasion Costume,N/A,N/A
All Categories,Women's Clothing,N/A,N/A
All Categories,Sports & Entertainment,N/A,N/A
All Categories,Toys & Games,N/A,N/A
All Categories,Babies & Kids,N/A,N/A
All Categories,Phones & Telecommunications,N/A,N/A
All Categories,"Computer, Office & Education",N/A,N/A
All Categories,Furniture,N/A,N/A
All Categories,Pet Supplies,N/A,N/A
All Categories,Security & Protection,N/A,N/A
All Categories,Beauty & Health,N/A,N/A
All Categories,Tools & Industrial,N/A,N/A
All Categories,Lingerie & Loungewear,N/A,N/A
All Categories,Jewelry & Watches,N/A,N/A
